query_index,query_rating,query_text,rank,retrieved_train_index,retrieved_similarity,retrieved_rating,retrieved_text
0,5,This is a perfect radio. It's easy to use for everyone as it doesn't have complex parts or settings. It's portable and is loud enough for a small group of people. In general I am very satisfied.,1,15115,0.9217469692230225,5,"What can you say if you get a great product for a steal price ($5 assuming I get my $20 mail in rebate). The voice quality is very good, and connectivity is easy as well. The product delivers what it's intended for."
0,5,This is a perfect radio. It's easy to use for everyone as it doesn't have complex parts or settings. It's portable and is loud enough for a small group of people. In general I am very satisfied.,2,30284,0.9207234978675842,5,I've been using for over a year and it's flawless.  I upgraded to an iphone a few months ago and I still use my bold as a clock with the charging dock.
0,5,This is a perfect radio. It's easy to use for everyone as it doesn't have complex parts or settings. It's portable and is loud enough for a small group of people. In general I am very satisfied.,3,20548,0.9198803901672363,5,This mirror is perfect for my hairdressing business as it is large enough for the customers to see the back of their heads and the price is very good too. I have dropped these before from about 5 ft and they were durable so added bonus.
0,5,This is a perfect radio. It's easy to use for everyone as it doesn't have complex parts or settings. It's portable and is loud enough for a small group of people. In general I am very satisfied.,4,23925,0.9194472432136536,4,"We've been using this quite a bit lately, and I have to say it is incredibly handy for all sorts of greens and herbs. Simple, well made, and easy to use. What more can you ask for?"
0,5,This is a perfect radio. It's easy to use for everyone as it doesn't have complex parts or settings. It's portable and is loud enough for a small group of people. In general I am very satisfied.,5,17183,0.9192805886268616,4,"I make a lot of artisan bread, this is very useful for scraping the counter free of excess dough.  It has a measure which helps in keeping bread sizes in check, I also use it for cutting."
1,1,"It won't give you the colour that shows on, or at the back of the box. not even close! I have medium ash brown hair and the only reason I dye my hair is because of my grey hairs. I just used an &#34;ash&#34; shade of this hair colour to dye my roots and now my roots has an awful copper/red shine, and it doesn't look &#34;ash&#34; brown at all! It has orange undertone:(I am so upset, and recommend you not to use this product at all! Don't even try it or you would regret like me.",1,10135,0.9061333537101746,2,"this was my first time using a henna product of any kind so I won't give the product a 1 star because its always possible i didnt do something right (even though its just add water)  the product smells like cooked spinach which isnt pleasant at all but its natural so i went with it hoping that when it dried the smell would go away, no such luck.  also the product didnt rinse out - after rinsing and repeating until my hair felt stripped i just twisted and air dried, the next day i still have what looks like coffee grinds in my hair - gross!!and the biggest disappointment of all is my hair is not red - i wore a heat cap for 60 mins and there is no red in my hair - i started with a medium shade of brown and i feel like it looks darker than when i started which is okay because i ordered the dark drown too, but i think i will try a different company before i give the spinach head a go again."
1,1,"It won't give you the colour that shows on, or at the back of the box. not even close! I have medium ash brown hair and the only reason I dye my hair is because of my grey hairs. I just used an &#34;ash&#34; shade of this hair colour to dye my roots and now my roots has an awful copper/red shine, and it doesn't look &#34;ash&#34; brown at all! It has orange undertone:(I am so upset, and recommend you not to use this product at all! Don't even try it or you would regret like me.",2,8598,0.9044766426086426,3,"This item arrived today in a small envelope directly from China, and that is why it took so long to receive it. The packaging it was housed in had absolutely no writing on it other than &#34;Made in China.&#34; Nothing as to what it was made of, or even what it was. The mesh was partially pushed in. I wonder if it really is stainless steel. I put it in the donation pile. I should have purchased it at my local Kmart, Target or Walmart at the same price."
1,1,"It won't give you the colour that shows on, or at the back of the box. not even close! I have medium ash brown hair and the only reason I dye my hair is because of my grey hairs. I just used an &#34;ash&#34; shade of this hair colour to dye my roots and now my roots has an awful copper/red shine, and it doesn't look &#34;ash&#34; brown at all! It has orange undertone:(I am so upset, and recommend you not to use this product at all! Don't even try it or you would regret like me.",3,9744,0.904009997844696,1,"This device has a major design flaw and does not prevent thieves from cutting it up.  I used this poorly designed lock on my macbook pro and the thief was still able to destroy the lock with a cutter.  Mind you, the lock portion was destroyed, not the cable.  The thief was able to yank out enough of a crease located between my laptop hole and the combo lock itself for his metal cutter to easily break its clippers.  Basically this device provides a false sense of security when contends to a thief with formidably-equipped metal cutter."
1,1,"It won't give you the colour that shows on, or at the back of the box. not even close! I have medium ash brown hair and the only reason I dye my hair is because of my grey hairs. I just used an &#34;ash&#34; shade of this hair colour to dye my roots and now my roots has an awful copper/red shine, and it doesn't look &#34;ash&#34; brown at all! It has orange undertone:(I am so upset, and recommend you not to use this product at all! Don't even try it or you would regret like me.",4,14392,0.9030779004096985,1,"First of all, my unit was factory refurbished, so had no warranty.  It smoked on the first use and died on the second.  I ordered an oster blender and it's been working fine ever since... two or three years, never a problem.But I won't stop there.  Thought maybe I could find the problem or use the motor for another project, since I couldn't return the unit, took it apart and was absolutely flabbergasted with what I found.  I'm an electrical engineer and have been involved with designing and building all sorts of things through my life... but this takes the cake for poor design and unsafe practices.  The motor is mounted using a paper (not plastic, not cardboard) tube that fits into a plastic ridge at the top.  It rests on the bottom of the housing on a rubber grommet and is not anchored in place except for this PAPER tube, shaped like a toilet paper center.  So I threw the bottom half away, put a mason jar lid on the bottom of the nice glass jar and thought I'd use it as an orange juice container... bad idea... it won't pour without slopping down the front and all over the table.This is junk and shame shame on you cuisinart... I'm sure they bought it from someone else because they would NEVER have designed something this badly... someone was making it as a joke!"
1,1,"It won't give you the colour that shows on, or at the back of the box. not even close! I have medium ash brown hair and the only reason I dye my hair is because of my grey hairs. I just used an &#34;ash&#34; shade of this hair colour to dye my roots and now my roots has an awful copper/red shine, and it doesn't look &#34;ash&#34; brown at all! It has orange undertone:(I am so upset, and recommend you not to use this product at all! Don't even try it or you would regret like me.",5,20958,0.8984300494194031,2,"First of all, it took a month to arrive.  In my opinion it does not perform properly.  When you fill the ball with tea leaves which is easy, but, after steeping in hot water you find that most of the tea  leaves have left the ball and settled on the bottom of the pot.  not what I expected at all.  The two halves of the ball do not come together with a tight seal."
2,5,"This is the broadband router that started the revolution. Linksys keeps updating the firmware to keep up with the new technology, but they basically did it right the first time in this area, and they continue to dominate.The router is very easy to set-up, but if you do have problems, or just want to learn more about it, there are plenty of people in newsgroups and web forums that have this very same router. You're bound to get any question you have answered quickly.",1,14021,0.9116755127906799,5,"Wasn't sure what to expect with this, but it works flawlessly and it is very easy to use, as well as very portable.  Probably my only complaints are that you do have to read the manual very carefully to understand the various colors and blinks of the lights, but once you know your way around it - the device just works.  Callers cannot tell you are on a bluetooth and you can hear the callers very clearly.  It has exceeded my expectations.  Plan to get another one for our second car now."
2,5,"This is the broadband router that started the revolution. Linksys keeps updating the firmware to keep up with the new technology, but they basically did it right the first time in this area, and they continue to dominate.The router is very easy to set-up, but if you do have problems, or just want to learn more about it, there are plenty of people in newsgroups and web forums that have this very same router. You're bound to get any question you have answered quickly.",2,32537,0.9101624488830566,5,"If you want to go jogging or work out while listening to music, these headphones will stick in your ears like an earplug, staying put until you explicitly try to remove them. Since they block out sound well and stick close to your eardrum, they can produce very powerful and clear sound despite their size. They hide pretty well. Their foam piece is cheap online and easy to replace, which is important because they will wear out with all the squishing to make them fit in your ears. Best of all, they are cheap.Please keep in mind, though, that they pretty much function as earplugs. This can be a good thing and a bad thing. If you go jogging and fail to look both ways at roads, you may not notice a car approaching. However, if you want to be alone with your music and your thoughts (such as if you are ADD) then will serve you well."
2,5,"This is the broadband router that started the revolution. Linksys keeps updating the firmware to keep up with the new technology, but they basically did it right the first time in this area, and they continue to dominate.The router is very easy to set-up, but if you do have problems, or just want to learn more about it, there are plenty of people in newsgroups and web forums that have this very same router. You're bound to get any question you have answered quickly.",3,34431,0.9028854966163635,5,"The works great! We have used it for a couple of weeks now and we haven't had any trouble. Our old one that was made by a different company wasn't very durable and was pain to deal with. However this is very easy to setup. Just plug it in and start mixing the batter. Then spoon about 1/2 to 3/4 a tablespoon onto the iron and lightly press down. After about 35-45 seconds, lift the iron and pullout the pizzelles. It takes a little time to get good at it, but once you get good, they'll become your favorite snack! It comes with a recipe book too!"
2,5,"This is the broadband router that started the revolution. Linksys keeps updating the firmware to keep up with the new technology, but they basically did it right the first time in this area, and they continue to dominate.The router is very easy to set-up, but if you do have problems, or just want to learn more about it, there are plenty of people in newsgroups and web forums that have this very same router. You're bound to get any question you have answered quickly.",4,32114,0.902522087097168,5,This is one sweet device! This is the best value for your money in a PDA.  Its far more economical than the Vx or even V for that matter. I personally  like the looks of the IIIxe over that of the V series especially since the  IIIxe is jet black(versus the onlder III models with the gray case). The  case also seems more rugged and sturdy than the Visor series. Buy this!
2,5,"This is the broadband router that started the revolution. Linksys keeps updating the firmware to keep up with the new technology, but they basically did it right the first time in this area, and they continue to dominate.The router is very easy to set-up, but if you do have problems, or just want to learn more about it, there are plenty of people in newsgroups and web forums that have this very same router. You're bound to get any question you have answered quickly.",5,1806,0.8987650871276855,4,"Bought this for my girlfriend's s3, and she loved it. Having that wrist lanyard is really helpful, and it is a nice looking case for the phone. Fitment is perfect. Also the slick outer sheen is pretty easy to clean off when stuff gets on it, however its somewhat easy to leave indent marks/scratches on if left in a purse with pens or anything sharp.One thing I hadnt noticed from the sellers page was that this case is held together by a snap. It seems like they have now added one picture in which you can kind of see it from the side. This is no a problem, it holds well, but a magnet might have been nice.The only real drawbacks are that when you keep the cover closed for a while, it may leave small horizontal smudge marks on the phone from the card pockets. Also extended use of the phone in this case will cause it to heat up faster than on some of the other cases I've tried. Both of these can be mildly annoying, but arent really a big problem."
3,5,"I use these for my sandwiches and bento box lunches.  I like to cut patterns out of white and wheat bread and mix the colors of breads, and I also use these to cut various circles in cheeses, lunch meats and veggies, to make abstract art salads.  They also come in handy for decorating bento box art- because circles are often the basis for various designs I make.  You do need to keep these dry, so wipe them off carefully.  I saved some of those packets that dehydrate things (the kind you find in the bottom of the jerkey package, for example, that say DO NOT EAT)- and I put that in the tin with the cutters.  So far no rust, and I use these little guys constantly.  I especially like how deep these cut, as some cutters aren't quite deep enough for making sandwich art- and some thick breads are too deep to cut through.hmmm- it won't let me add a link.  So if you want to see the pictures of what this and other Amazon cutters can do, google ""A year of lunches""- my sopressata roll up was the first link that came up for me.",1,16358,0.9584053754806519,4,"OK.So no doubt the title caught your eye and you're curious - what does he mean?  I mean some of the reviews here are a little inaccurate, and I intend to respond to some of these comments.  But first, let me give my personal thoughts on this machine.Background: I'm currently in the process of getting my body back into the shape it used to be in during high school.  I have a Bowflex which does great for the strength training and muscle development, but regardless of what the commercials say, it's NOT designed to help you lose weight.  So I decided to get the Gazelle Freestyle.First thing I noticed was that the parts are very sturdy and thick, definitely not as cheap as it looks in the pictures.  They're hollow piping, so the whole deal is not too heavy; less than 60lbs.  There also aren't that many parts to assemble, however I was not happy with the assembly process, for many reasons.First, the parts had some bolts pre-screwed into final holes which irritated me.  It means you have to unscrew, find a place for them, then re-screw them after you connect the parts which, incidentally, might not happen until the end of the assembly.  It's just an irritant; I'd rather just have the standard board of bolts and parts that comes with stuff today and let me attach it when it's good and ready.Second, the instructions aren't clear and the pictures are ambiguous.  It makes it extremely difficult to know how things should be laid out - additionally, one of the steps is wrong.  It shows a picture of the foot rests upside down, yet if you install it that way, it'll be wrong.Third is a symptom of the second one above.  The steps in the instructions tell you to do things the wrong way - literally, assemble it in the wrong direction.  If you do it in reverse, the assembly will go a LOT quicker and you'll realize that it's actually nowhere near as complex as it's made out to be.  It's quite simple, really consisting of three steps instead of the 7-8 that the instructions have you believe.Ok, so now that the bad news is out of the way, onto the actual experience (and my responses to the other reviews).Squeaks: Haven't noticed any.  It makes a tiny noise as moving parts will, but it's nothing deal breaking.  If you get some regular grease and add a bit to the axle bar, you won't even notice it.  It does come pre-greased, but again, if the squeaking bothers you so much....Ineffective:  Uh, what?  I'm in decent shape and I was able to get a decent workout from this thing.  I think some of these guys had super-high expectations based on Tony Little jumping around like an idiot.  You're not going to start sweating on this thing after a minute of moving, even if you do it rapidly.  There's a reason for this, and it's a good reason if you think about it: merely moving doesn't cause you to sweat.  Impact causes you to sweat, even if you don't actually come in contact with something.  That's why if you were shadow boxing, you'll get a good workout, because you're actually making impacts with the air, sharp hits that actually exert your muscles.  This machine doesn't actually exert your muscles beyond normal range of motion, which is why it shouldn't be used for any strength or endurance training.  It will, however, give you a good cardio workout after a time.  NOT A MINUTE.  That said, I did the workout all through a 10-minute WWE match, and by the end of it I was at the beginning stages of sweating, and started to feel a little fatigue; comparable to what you would feel after having walked rapidly for two miles, but with less muscle exertion.  I took a break, and got the feeling in my legs where it seemed as though I was still going through the motion.Heart Monitor: I think this device is not useful.  I'm serious.  I mean if I were actually running or walking then I would pay attention, but as I mentioned before, there is no true exertion on this device which would really push your heart muscle.  To me, a heart monitor is more useful on a treadmill or even an elliptical, not on this.  If you use it, great...I didn't even bother installing it, therefore I can't review it.So, do I recommend it?  Yes...as long as you don't have any misconceptions about performance.  It's not going to cause you to start sweating after a minute of use.  You really need to work it for at least 10 minutes, consistently, changing speed and angle.  If you lean forward, you add some resistance and will feel it."
3,5,"I use these for my sandwiches and bento box lunches.  I like to cut patterns out of white and wheat bread and mix the colors of breads, and I also use these to cut various circles in cheeses, lunch meats and veggies, to make abstract art salads.  They also come in handy for decorating bento box art- because circles are often the basis for various designs I make.  You do need to keep these dry, so wipe them off carefully.  I saved some of those packets that dehydrate things (the kind you find in the bottom of the jerkey package, for example, that say DO NOT EAT)- and I put that in the tin with the cutters.  So far no rust, and I use these little guys constantly.  I especially like how deep these cut, as some cutters aren't quite deep enough for making sandwich art- and some thick breads are too deep to cut through.hmmm- it won't let me add a link.  So if you want to see the pictures of what this and other Amazon cutters can do, google ""A year of lunches""- my sopressata roll up was the first link that came up for me.",2,15315,0.9582012891769409,5,"Bought this for my wife a couple months ago and it's great!  I bought it over a Kindle because of issues I researched about Amazons' proprietary ebook formats and to get library books or other epubs you had to do some conversion to get them to work on the Kindle.  I wanted the easiest thing for my wife to deal with and the Nook is great - had a couple ebooks (from Borders.com and Barnes and Noble) downloaded and library books the first night!  Just need a free download to manage the books from Adobe and your set.  Its easy to navigate, batteries last about a month and my wife uses it every day.  Buy it!!!!!!!!!!!!!!!!!!"
3,5,"I use these for my sandwiches and bento box lunches.  I like to cut patterns out of white and wheat bread and mix the colors of breads, and I also use these to cut various circles in cheeses, lunch meats and veggies, to make abstract art salads.  They also come in handy for decorating bento box art- because circles are often the basis for various designs I make.  You do need to keep these dry, so wipe them off carefully.  I saved some of those packets that dehydrate things (the kind you find in the bottom of the jerkey package, for example, that say DO NOT EAT)- and I put that in the tin with the cutters.  So far no rust, and I use these little guys constantly.  I especially like how deep these cut, as some cutters aren't quite deep enough for making sandwich art- and some thick breads are too deep to cut through.hmmm- it won't let me add a link.  So if you want to see the pictures of what this and other Amazon cutters can do, google ""A year of lunches""- my sopressata roll up was the first link that came up for me.",3,7710,0.9578288793563843,5,"I received this item for Christmas.  I wanted it so I could make more natural ice cream without all those additives.  I used a simple recipe from off the web: Some whole milk, condesed milk, and cocoa powder.  At first it was a failure because I only froze the container for 5 hours.  It didn't swish when I shook it, so I thought I was good to go.  After nearly 2 hours I just had cold ingrediants.  I put them in the fridge and froze the container overnight and restarted in the morning.  After only 30 minutes I had some of the most amazing ice cream I have ever had.  I will never buy ice cream from the store again.  This ice cream maker is awesome, I love it."
3,5,"I use these for my sandwiches and bento box lunches.  I like to cut patterns out of white and wheat bread and mix the colors of breads, and I also use these to cut various circles in cheeses, lunch meats and veggies, to make abstract art salads.  They also come in handy for decorating bento box art- because circles are often the basis for various designs I make.  You do need to keep these dry, so wipe them off carefully.  I saved some of those packets that dehydrate things (the kind you find in the bottom of the jerkey package, for example, that say DO NOT EAT)- and I put that in the tin with the cutters.  So far no rust, and I use these little guys constantly.  I especially like how deep these cut, as some cutters aren't quite deep enough for making sandwich art- and some thick breads are too deep to cut through.hmmm- it won't let me add a link.  So if you want to see the pictures of what this and other Amazon cutters can do, google ""A year of lunches""- my sopressata roll up was the first link that came up for me.",4,19743,0.9578187465667725,5,"After receiving my iTorch, I decided a good first use would be a music festival I was headed to over the weekend. The music festival was the perfect environment to test out the iTorch:-I needed my phone at all times in order to meet up with friends at the festival-We were camping and I had no other way to charge my phone-The flashlight would get a good workout while looking for my stuff in the darkInitially, I was concerned that the iTorch would not be compatible with my Samsung Galaxy S3, but after checking the electrical specs, I knew the iTorch would work fine with my phone. The iTorch performed admirably over the weekend; by day 3, almost everyone else that I saw had a dead battery in their phone, whereas I had no concerns with constantly taking pictures and videos with my S3 as I knew that I would be able to charge it as needed.I was quite surprised that I was able to fully charge my phone twice using the iTorch, and even then, the internal iTorch battery was not depleted!Pros:-Extremely compact: I put the iTorch in my front pocket and basically forgot it was there-High battery capacity: Charged a Galaxy S3 (2100mAH capacity) twice and still had a charge left in the iTorch-USB charger means that I can charge up the iTorch while I'm on the go in my car.-Flashlight provides nice bonus functionality. I do a lot of camping and it's nice to have my phone charger and flashlight all in one.Cons:-iTorch took a fair amount of time to charge, which I would estimate at 3-4 hours. Even then, it may just be that I'm use to a much smaller capacity phone battery which would inherently mean it takes longer for the iTorch to charge.-While the device is extremely easy to use, the included instructions were a little confusing. I would suggest that a native English speaker go through the instruction and fix the grammar and spelling errors.Suggestion:-The Galaxy S3 should be listed in the compatible devices list on the Amazon listing. As one of the premiere Android phones, I could see people being a little nervous buying the iTorch for their Galaxy S3 since it's not listed. From what I could tell, the iTorch was 100% compatible with the S3."
3,5,"I use these for my sandwiches and bento box lunches.  I like to cut patterns out of white and wheat bread and mix the colors of breads, and I also use these to cut various circles in cheeses, lunch meats and veggies, to make abstract art salads.  They also come in handy for decorating bento box art- because circles are often the basis for various designs I make.  You do need to keep these dry, so wipe them off carefully.  I saved some of those packets that dehydrate things (the kind you find in the bottom of the jerkey package, for example, that say DO NOT EAT)- and I put that in the tin with the cutters.  So far no rust, and I use these little guys constantly.  I especially like how deep these cut, as some cutters aren't quite deep enough for making sandwich art- and some thick breads are too deep to cut through.hmmm- it won't let me add a link.  So if you want to see the pictures of what this and other Amazon cutters can do, google ""A year of lunches""- my sopressata roll up was the first link that came up for me.",5,14482,0.9576443433761597,5,"I received my Mini-Prep about two weeks ago, and I have used it everyday 2 or 3 times a day to make homemade baby food for my daughter. It is GREAT! It is easy to clean and I love that you can switch the blade from sharp to grind mode! I do recommend looking over the user guide for which blade side and speed for optimal chopping/processing. I had been using my full size Cuisinart to make her baby food prior to getting this, which as any one with the full size Cuisinart knows is a pain to drag out and I couldn't make just small portions for her. So, the Mini-Prep was the perfect solution for me! I have processed just about anything and everything in this so far and it has worked beautifully! I highly recommend this for any small job in the kitchen. Another plus is you are able to buy extra bowls so if you want to use it for coffee or spice grinding you can have a bowl specifically for those uses so other foods do not absorb the flavors of coffee or spices."
4,5,"I'm a big fan of Queen Helene's masks for one particular reason: They're as effective as high end brands, and generally work. This mask in particular is great at evening your skin tone, and shrinking your pores if you use it regularly. I use it at least three times a week, and it makes my skin appear healthy and glowing. I'd also, recommend their other mask,Queen Helene Mint Julep Masque, 8 Ounce. It's an excellent mud mask, and its tingling sensation really makes me feel like it's deep cleaning.",1,16373,0.9233317971229553,5,"I do a lot of networking with other businesses (Linksys and belkin) love the Linksys and the belkin both.I am very happy with this switch, it workes great without problems (sofar), connects easely and smoothly with-out trouble.I love this switch.It says, connect and use, I just connected all the cables, with in seconds, it was working GREAT with no problems.I recomend this to anyone.If anything goes wrong, I will update.(Bought at staples)(I am using my moms account)"
4,5,"I'm a big fan of Queen Helene's masks for one particular reason: They're as effective as high end brands, and generally work. This mask in particular is great at evening your skin tone, and shrinking your pores if you use it regularly. I use it at least three times a week, and it makes my skin appear healthy and glowing. I'd also, recommend their other mask,Queen Helene Mint Julep Masque, 8 Ounce. It's an excellent mud mask, and its tingling sensation really makes me feel like it's deep cleaning.",2,8199,0.918328583240509,4,"My siblings purchased this set as a wedding gift for my wife and I.  We love to cook, and this set is rather nice.  Two years' after receiving them, we have never had to sharpen them.  We've used them to cut bread, meat, poultry, fish, vegetables and fruit.  There's a knife for everything, and the scissors are nice as well.  They're very durable, and can slice through something tough like lean beef, or something fine like a ripe tomato.  I recommend them."
4,5,"I'm a big fan of Queen Helene's masks for one particular reason: They're as effective as high end brands, and generally work. This mask in particular is great at evening your skin tone, and shrinking your pores if you use it regularly. I use it at least three times a week, and it makes my skin appear healthy and glowing. I'd also, recommend their other mask,Queen Helene Mint Julep Masque, 8 Ounce. It's an excellent mud mask, and its tingling sensation really makes me feel like it's deep cleaning.",3,25739,0.9167513847351074,5,"Great sound out of these guys, they have an excellent bass reproduction, and treble is where it should be, overall a wonderful balance. The midrange is excellent, with instruments apparent I didn't know were there. They are also very light, so if you're confident enough in how they look, you can wear them around.the main point of my review was to say they are iPhone FRIENDLY, atleast the ones I got from Amazon directly.Would definitely recommend if you need something under a hundred dollars."
4,5,"I'm a big fan of Queen Helene's masks for one particular reason: They're as effective as high end brands, and generally work. This mask in particular is great at evening your skin tone, and shrinking your pores if you use it regularly. I use it at least three times a week, and it makes my skin appear healthy and glowing. I'd also, recommend their other mask,Queen Helene Mint Julep Masque, 8 Ounce. It's an excellent mud mask, and its tingling sensation really makes me feel like it's deep cleaning.",4,4753,0.9146331548690796,5,"I use these wipes whenever I get home from the range and finish cleaning up all my guns. I like to wipe down the exterior parts of my guns with this, as it keeps the metal protected and nicely lubricated. Much easier than dabbing some lubricant from a bottle onto some gun patches. They're like anti bacterial wipes, but for your guns, keep them nice and healthy!"
4,5,"I'm a big fan of Queen Helene's masks for one particular reason: They're as effective as high end brands, and generally work. This mask in particular is great at evening your skin tone, and shrinking your pores if you use it regularly. I use it at least three times a week, and it makes my skin appear healthy and glowing. I'd also, recommend their other mask,Queen Helene Mint Julep Masque, 8 Ounce. It's an excellent mud mask, and its tingling sensation really makes me feel like it's deep cleaning.",5,29957,0.9137066602706909,5,I have never owned a &#34;Flat&#34; Whisk before.  Holy (Beep).  How did I ever live without one?  These whisks are so wonderful for gravy and so many other things.  The OXO Good Grips brand seems to be of high quality.  It has a great feel in your hand and doesn't feel too heavy or too light and the wires seem to have just the right amount of flexibility without feeling too weak or too rigid.  I love this whisk and use it all of the time.  A must have for serious cooks.
5,5,"This was a great purchase over all. The scope was clear, packaged very well and it had the appearance of a much nicer scope for the price.  This scope would fit any shooting requirement as long as you find the one that meets your shooting requirements (mounting space, magnification, eye relief etc). Do your research and you will see people love these scopes and the brand is legit.",1,10712,0.9485509395599365,5,"This is without a double the 'best' shower radio I have ever owned.  The reception is crisp and clear and I love the pre-programmable stations.  It is also a very attractive radio and so when not in the shower with me, it looks nice sitting on my bathroom counter.  It's very user friendly; no complicated directions.  Perfect for us 50+ technically challenged.  I would definitely recommend this product to everyone."
5,5,"This was a great purchase over all. The scope was clear, packaged very well and it had the appearance of a much nicer scope for the price.  This scope would fit any shooting requirement as long as you find the one that meets your shooting requirements (mounting space, magnification, eye relief etc). Do your research and you will see people love these scopes and the brand is legit.",2,20165,0.9448418617248535,5,"I upgraded some of my kitchen tools and utensils and this whisk made the cut.  I chose to buy this whisk because it is made in America, the large size, and the quality of the construction.  I bought this size solely for large jobs, like mashed potatoes. Smaller whisks would require much more muscle for the job.  I love it! Yes, it is very large so keep your storage options in mind when ordering."
5,5,"This was a great purchase over all. The scope was clear, packaged very well and it had the appearance of a much nicer scope for the price.  This scope would fit any shooting requirement as long as you find the one that meets your shooting requirements (mounting space, magnification, eye relief etc). Do your research and you will see people love these scopes and the brand is legit.",3,34636,0.9443718791007996,5,"Remember, in a power outage, the manual can opener still works, heh.  And they are quieter.  This one is so much better than the cheap types I've subjected myself to in the past.  This one opens cans when I squeeze and turn the finger-friendly handle - that's all I wanted, and that's what I got.  Stainless and easy to clean. It looks nice enough to hang up. Very satisfied."
5,5,"This was a great purchase over all. The scope was clear, packaged very well and it had the appearance of a much nicer scope for the price.  This scope would fit any shooting requirement as long as you find the one that meets your shooting requirements (mounting space, magnification, eye relief etc). Do your research and you will see people love these scopes and the brand is legit.",4,25903,0.9440807104110718,5,"My daughter has owned two of these (because we lost one) and we love it. The swim class she takes has all of the kids weal &#34;bubbles&#34; so we looked for one of those. The prices were absurd, and we stumbled across this. Adjustable waist and weight, bright colored and it works every bit as well as the bubble. Really a nice and affordable swimming aid."
5,5,"This was a great purchase over all. The scope was clear, packaged very well and it had the appearance of a much nicer scope for the price.  This scope would fit any shooting requirement as long as you find the one that meets your shooting requirements (mounting space, magnification, eye relief etc). Do your research and you will see people love these scopes and the brand is legit.",5,6087,0.9419005513191223,5,My old salad spinners were cheap.  What a difference a few dollars make!  It does the job extremely well -- it's fast and effecient. This one is much easier to use.  I love the stop feature and the rubberized footing that keeps it stable on the counter.  Dishwasher safe and has a storage lid.  What more could you want.  I've found that the greens keep well in the spinner when you line the basket with paper towels.I enthusiasticly recommend this product to anyone who needs a salad spinner.
6,5,"This is good product compared to its price. I'm using it for watching video, writing documents, and web searching. It's perfect for my needs, and I upload CM 1.0, so now I'm using it with Android... It's so good. :-)",1,16823,0.9447730779647827,5,"Great price for the belts.  It goes for the Hoover WindTunnel T-Series Pet Rewind Plus Upright Vacuum, Bagless, UH70210 which I just bought and it is good to have extra on hand."
6,5,"This is good product compared to its price. I'm using it for watching video, writing documents, and web searching. It's perfect for my needs, and I upload CM 1.0, so now I'm using it with Android... It's so good. :-)",2,13217,0.9393689036369324,5,"The title pretty much says it all; this works well for an HD2.  It's well made and convenient to carry with me.  I like the short cord better than the solid unit adapters as it provides a little more give/twist if I'm using a 6"" USB cord at work."
6,5,"This is good product compared to its price. I'm using it for watching video, writing documents, and web searching. It's perfect for my needs, and I upload CM 1.0, so now I'm using it with Android... It's so good. :-)",3,33134,0.9376735091209412,4,"I bought these for sharpening my skis and they work well.  They're the perfect size to clamp onto your edge tuner.  Make sure to wash them when you're done, and don't let them fill up with wax..."
6,5,"This is good product compared to its price. I'm using it for watching video, writing documents, and web searching. It's perfect for my needs, and I upload CM 1.0, so now I'm using it with Android... It's so good. :-)",4,4548,0.9362209439277649,5,"nice and warm. perfect for bumming around the house or out for a walk/ride on a cool day. they seem very well built and so far seem to resist pill-ing, unlike regular sweats"
6,5,"This is good product compared to its price. I'm using it for watching video, writing documents, and web searching. It's perfect for my needs, and I upload CM 1.0, so now I'm using it with Android... It's so good. :-)",5,7566,0.9360325336456299,4,"OXO Steel 59891 Lasagna TurnerSuperb quality, good feel.  I would like more stiffness in the ""blade"" for flattening 'burgers.  It's a very good size for general use (a more useful size, I think, than most turners or spatulas)."
7,1,"I don't know if I'm doing something wrong but this won't charge my Droid Incredible.  I took a five hour drive but when I unplugged the phone, the battery was completely discharged and the phone was very hot to the touch.",1,15920,0.8374387621879578,5,I have used several gun oils but I find this one to be the best. Months after storing several guns they look as if I just oiled them. I prefer the aerosol spray to the wipes personally. Will buy more when I run out!
7,1,"I don't know if I'm doing something wrong but this won't charge my Droid Incredible.  I took a five hour drive but when I unplugged the phone, the battery was completely discharged and the phone was very hot to the touch.",2,15167,0.8314229846000671,4,"This was a little darker than the color I really wanted, but Essie is nice! I just don't like how the brush is small. But that's not really a big problem. I like it and would recommend it."
7,1,"I don't know if I'm doing something wrong but this won't charge my Droid Incredible.  I took a five hour drive but when I unplugged the phone, the battery was completely discharged and the phone was very hot to the touch.",3,15497,0.8204832673072815,3,I like these but wish I had gotten the ones with the snap to make them more secure. They work but if it is a treck thru the woods or a brisk run I would not trust them.
7,1,"I don't know if I'm doing something wrong but this won't charge my Droid Incredible.  I took a five hour drive but when I unplugged the phone, the battery was completely discharged and the phone was very hot to the touch.",4,11590,0.8158168196678162,4,"But they don't last a really long time but at the price, that's not an issue. The material is nice and soft and the inside has a soft lining to protect the phone. nice that it has belt loops as well as the clip."
7,1,"I don't know if I'm doing something wrong but this won't charge my Droid Incredible.  I took a five hour drive but when I unplugged the phone, the battery was completely discharged and the phone was very hot to the touch.",5,27460,0.8048926591873169,4,"I prefer this type of handle for a potato masher to the sideways ones. I wish the sides were a thicker metal, but I think it will stand up to the test of time, it seems pretty heavy-duty. Love the material on the handle!"
8,5,This is one fine scope in the $100 range. I installed it on my Mosin Nagant with a Rock Solid mount and it was very easy to sight in. The view is very clear and the adjustability make it great! My Mosin kicks pretty good and no issue with any movements after sighting. I would highly suggest you buy this high quality scope if you are reading this.,1,9145,0.9383130669593811,5,"I've used this sifter now for nine years and it is absolutely fabulous!  It hasn't the first sign of rust at all after all those years of use, tossing it into the dishwasher, etc.  I cannot recommend it enough. It's easy to use, quite powerful, and the flour, etc. is sifted before you know it.  It has such a large capacity that it makes the job a ton smoother. Highly, highly recommend!"
8,5,This is one fine scope in the $100 range. I installed it on my Mosin Nagant with a Rock Solid mount and it was very easy to sight in. The view is very clear and the adjustability make it great! My Mosin kicks pretty good and no issue with any movements after sighting. I would highly suggest you buy this high quality scope if you are reading this.,2,1525,0.9373735189437866,4,I've been using these brushes since I was 17. They are great and have always helped me keep my skin looking good. It's amazing how much more dirt and makeup comes off with the use of this brush vs just your hands. I have since moved to the Clarsonic but I still take this with me when I travel.
8,5,This is one fine scope in the $100 range. I installed it on my Mosin Nagant with a Rock Solid mount and it was very easy to sight in. The view is very clear and the adjustability make it great! My Mosin kicks pretty good and no issue with any movements after sighting. I would highly suggest you buy this high quality scope if you are reading this.,3,12793,0.9371392726898193,5,"This spatula is a solid one that works well in cooking things.  So far, I've mainly used it to turn meat when frying or sauteing food on the cooktop.  It replaced a really cheap one and my husband laughed when he saw it because it was so much more solid than the previous one.  I told him we would be passing it on to someone in our will!"
8,5,This is one fine scope in the $100 range. I installed it on my Mosin Nagant with a Rock Solid mount and it was very easy to sight in. The view is very clear and the adjustability make it great! My Mosin kicks pretty good and no issue with any movements after sighting. I would highly suggest you buy this high quality scope if you are reading this.,4,1048,0.9341173768043518,5,"My husband is the cook in our house and he tells me what he needs in the kitchen.  I like the old fashion wooden spoons when I make him cookies, etc. but these are exactly what he needs for everyday cooking.  So glad they are heat resistant up to 500 degrees, don't have to worry about throwing them in the dishwasher. I could get used to these real fast!  Good Value! thanks"
8,5,This is one fine scope in the $100 range. I installed it on my Mosin Nagant with a Rock Solid mount and it was very easy to sight in. The view is very clear and the adjustability make it great! My Mosin kicks pretty good and no issue with any movements after sighting. I would highly suggest you buy this high quality scope if you are reading this.,5,16221,0.9336538910865784,5,"This night cream is amazing!  I love it because it keeps my sensitive skin moisturized and nourished without leaving it greasy or icky.  It always blends in smoothly and my skin looks refreshed and renewed in the morning.  Honestly, this has helped my skin to look younger as well. Plus, a little goes a long way, so this is an extra great value!"
9,5,"what can you say about pie weights, except they are the only way  (I think) to bake a perfect pie crust. not too heavy, not too light...just the perfect size and weight for keeping the bubbles out of your pie crust.",1,30478,0.9084680676460266,5,What is there to say about filters. They work very good...but this is a great way to shop and you get exactly what you are looking for. So often the stores are out.
9,5,"what can you say about pie weights, except they are the only way  (I think) to bake a perfect pie crust. not too heavy, not too light...just the perfect size and weight for keeping the bubbles out of your pie crust.",2,22412,0.901411771774292,4,"Comfy to wear, sound great, sturdy enough. Wrap around the ears nicely to keep ambient noise at a minimum, keep the good smooth highs and round bass in. About the same as the V6s I had for 20 years, but more comfortable."
9,5,"what can you say about pie weights, except they are the only way  (I think) to bake a perfect pie crust. not too heavy, not too light...just the perfect size and weight for keeping the bubbles out of your pie crust.",3,8974,0.8897302150726318,5,"I had the wrap around hogue grip and changed back to the panels after shooting a buddies bobbed dan wesson. shot with them last weekend and they feel great, perfect width, and look good on a black gun."
9,5,"what can you say about pie weights, except they are the only way  (I think) to bake a perfect pie crust. not too heavy, not too light...just the perfect size and weight for keeping the bubbles out of your pie crust.",4,25791,0.8887532949447632,5,What can you say about a cheap cable? It works well and doesn't break the bank. Comes with end protectors. I did not have any problems with using this to display the HD output from my camera to a large screen.
9,5,"what can you say about pie weights, except they are the only way  (I think) to bake a perfect pie crust. not too heavy, not too light...just the perfect size and weight for keeping the bubbles out of your pie crust.",5,10893,0.8875178694725037,5,I use this as an every day cleanser in the summer and off and on during the winter. The foam is a nice alternative to slippery cleansers. It works; I'm happy.
